epoch,sleep_stage,stage_name
0,1,N1
1,2,N2
2,0,Wake
3,2,N2
4,5,REM
5,3,N3
6,2,N2
7,2,N2
8,5,REM
9,2,N2
10,2,N2
11,3,N3
12,2,N2
13,5,REM
14,2,N2
15,0,Wake
16,5,REM
17,2,N2
18,2,N2
19,5,REM
20,2,N2
21,2,N2
22,2,N2
23,2,N2
24,2,N2
25,5,REM
26,5,REM
27,0,Wake
28,2,N2
29,2,N2
30,2,N2
31,0,Wake
32,3,N3
33,2,N2
34,2,N2
35,2,N2
36,3,N3
37,2,N2
38,2,N2
39,2,N2
40,2,N2
41,3,N3
42,5,REM
43,1,N1
44,5,REM
45,5,REM
46,2,N2
47,3,N3
48,5,REM
49,2,N2
50,2,N2
51,1,N1
52,5,REM
53,2,N2
54,0,Wake
55,2,N2
56,2,N2
57,2,N2
58,2,N2
59,3,N3
60,2,N2
61,2,N2
62,5,REM
63,2,N2
64,2,N2
65,2,N2
66,1,N1
67,1,N1
68,5,REM
69,2,N2
70,2,N2
71,2,N2
72,3,N3
73,2,N2
74,2,N2
75,2,N2
76,0,Wake
77,2,N2
78,3,N3
79,3,N3
80,2,N2
81,2,N2
82,5,REM
83,2,N2
84,5,REM
85,5,REM
86,5,REM
87,5,REM
88,3,N3
89,0,Wake
90,3,N3
91,0,Wake
92,2,N2
93,2,N2
94,2,N2
95,2,N2
96,5,REM
97,3,N3
98,2,N2
99,2,N2
100,5,REM
101,3,N3
102,2,N2
103,3,N3
104,5,REM
105,2,N2
106,2,N2
107,5,REM
108,5,REM
109,2,N2
110,2,N2
111,5,REM
112,5,REM
113,2,N2
114,3,N3
115,5,REM
116,2,N2
117,2,N2
118,2,N2
119,2,N2
120,2,N2
121,2,N2
122,2,N2
123,2,N2
124,2,N2
125,5,REM
126,3,N3
127,0,Wake
128,0,Wake
129,2,N2
130,2,N2
131,2,N2
132,2,N2
133,5,REM
134,5,REM
135,2,N2
136,3,N3
137,0,Wake
138,2,N2
139,0,Wake
140,2,N2
141,2,N2
142,2,N2
143,5,REM
144,0,Wake
145,0,Wake
146,4,N4
147,2,N2
148,2,N2
149,0,Wake
150,2,N2
151,2,N2
152,5,REM
153,2,N2
154,0,Wake
155,2,N2
156,2,N2
157,-1,Unknown
158,2,N2
159,2,N2
160,2,N2
161,2,N2
162,2,N2
163,2,N2
164,2,N2
165,2,N2
166,5,REM
167,2,N2
168,1,N1
169,5,REM
170,2,N2
171,5,REM
172,5,REM
173,2,N2
174,2,N2
175,-1,Unknown
176,2,N2
177,2,N2
178,2,N2
179,2,N2
180,2,N2
181,2,N2
182,2,N2
183,5,REM
184,0,Wake
185,0,Wake
186,5,REM
187,0,Wake
188,5,REM
189,0,Wake
190,5,REM
191,2,N2
192,2,N2
193,2,N2
194,0,Wake
195,2,N2
196,3,N3
197,3,N3
198,2,N2
199,0,Wake
200,0,Wake
201,5,REM
202,2,N2
203,0,Wake
204,2,N2
205,2,N2
206,2,N2
207,3,N3
208,2,N2
209,2,N2
210,2,N2
211,5,REM
212,4,N4
213,2,N2
214,2,N2
215,2,N2
216,3,N3
217,2,N2
218,2,N2
219,0,Wake
220,3,N3
221,5,REM
222,2,N2
223,5,REM
224,1,N1
225,0,Wake
226,-1,Unknown
227,2,N2
228,5,REM
229,5,REM
230,5,REM
231,2,N2
232,2,N2
233,5,REM
234,2,N2
235,2,N2
236,0,Wake
237,0,Wake
238,2,N2
239,2,N2
240,0,Wake
241,5,REM
242,2,N2
243,4,N4
244,2,N2
245,2,N2
246,2,N2
247,1,N1
248,5,REM
249,2,N2
250,5,REM
251,5,REM
252,2,N2
253,3,N3
254,2,N2
255,2,N2
256,0,Wake
257,5,REM
258,2,N2
259,2,N2
260,3,N3
261,2,N2
262,2,N2
263,2,N2
264,2,N2
265,5,REM
266,5,REM
267,2,N2
268,2,N2
269,0,Wake
270,5,REM
271,2,N2
272,3,N3
273,0,Wake
274,2,N2
275,0,Wake
276,3,N3
277,5,REM
278,2,N2
279,2,N2
280,2,N2
281,2,N2
282,5,REM
283,3,N3
284,-1,Unknown
285,3,N3
286,2,N2
287,3,N3
288,2,N2
289,2,N2
290,0,Wake
291,2,N2
292,2,N2
293,2,N2
294,5,REM
295,5,REM
296,2,N2
297,2,N2
298,5,REM
299,2,N2
300,3,N3
301,2,N2
302,3,N3
303,3,N3
304,5,REM
305,2,N2
306,0,Wake
307,2,N2
308,5,REM
309,2,N2
310,2,N2
311,2,N2
312,0,Wake
313,2,N2
314,5,REM
315,5,REM
316,2,N2
317,2,N2
318,2,N2
319,5,REM
320,2,N2
321,2,N2
322,1,N1
323,3,N3
324,5,REM
325,5,REM
326,2,N2
327,2,N2
328,0,Wake
329,5,REM
330,2,N2
331,5,REM
332,5,REM
333,2,N2
334,2,N2
335,3,N3
336,2,N2
337,2,N2
338,3,N3
339,2,N2
340,-1,Unknown
341,2,N2
342,2,N2
343,2,N2
344,2,N2
345,5,REM
346,2,N2
347,2,N2
348,2,N2
349,5,REM
350,2,N2
351,2,N2
352,2,N2
353,2,N2
354,2,N2
355,3,N3
356,2,N2
357,2,N2
358,2,N2
359,5,REM
360,2,N2
361,5,REM
362,5,REM
363,3,N3
364,3,N3
365,5,REM
366,2,N2
367,2,N2
368,5,REM
369,5,REM
370,2,N2
371,5,REM
372,3,N3
373,5,REM
374,5,REM
375,2,N2
376,2,N2
377,2,N2
378,2,N2
379,0,Wake
380,3,N3
381,5,REM
382,5,REM
383,2,N2
384,2,N2
385,2,N2
386,3,N3
387,2,N2
388,2,N2
389,3,N3
390,2,N2
391,3,N3
392,2,N2
393,2,N2
394,3,N3
395,5,REM
396,5,REM
397,2,N2
398,1,N1
399,2,N2
400,5,REM
401,1,N1
402,3,N3
403,5,REM
404,5,REM
405,2,N2
406,2,N2
407,2,N2
408,0,Wake
409,2,N2
410,2,N2
411,2,N2
412,5,REM
413,2,N2
414,2,N2
415,2,N2
416,2,N2
417,0,Wake
418,5,REM
419,0,Wake
420,5,REM
421,2,N2
422,2,N2
423,2,N2
424,2,N2
425,2,N2
426,2,N2
427,5,REM
428,2,N2
429,2,N2
430,2,N2
431,3,N3
432,2,N2
433,3,N3
434,0,Wake
435,2,N2
436,2,N2
437,2,N2
438,4,N4
439,3,N3
440,2,N2
441,5,REM
442,2,N2
443,2,N2
444,5,REM
445,5,REM
446,0,Wake
447,5,REM
448,2,N2
449,5,REM
450,2,N2
451,2,N2
452,3,N3
453,3,N3
454,2,N2
455,2,N2
456,2,N2
457,2,N2
458,2,N2
459,3,N3
460,2,N2
461,2,N2
462,-1,Unknown
463,5,REM
464,5,REM
465,5,REM
466,2,N2
467,5,REM
468,5,REM
469,2,N2
470,2,N2
471,2,N2
472,5,REM
473,4,N4
474,3,N3
475,5,REM
476,0,Wake
477,5,REM
478,4,N4
479,2,N2
480,1,N1
481,2,N2
482,4,N4
483,2,N2
484,2,N2
485,2,N2
486,5,REM
487,2,N2
488,2,N2
489,5,REM
490,2,N2
491,3,N3
492,2,N2
493,2,N2
494,2,N2
495,1,N1
496,5,REM
497,2,N2
498,3,N3
499,2,N2
500,2,N2
501,5,REM
502,3,N3
503,5,REM
504,2,N2
505,2,N2
506,4,N4
507,2,N2
508,2,N2
509,2,N2
510,2,N2
511,2,N2
512,2,N2
513,0,Wake
514,2,N2
515,2,N2
516,2,N2
517,2,N2
518,4,N4
519,2,N2
520,0,Wake
521,2,N2
522,2,N2
523,2,N2
524,3,N3
525,2,N2
526,2,N2
527,5,REM
528,2,N2
529,5,REM
530,3,N3
531,3,N3
532,5,REM
533,1,N1
534,2,N2
535,5,REM
536,2,N2
537,5,REM
538,2,N2
539,3,N3
540,2,N2
541,2,N2
542,4,N4
543,5,REM
544,2,N2
545,1,N1
546,2,N2
547,2,N2
548,2,N2
549,5,REM
550,2,N2
551,2,N2
552,5,REM
553,2,N2
554,2,N2
555,5,REM
556,2,N2
557,5,REM
558,2,N2
559,2,N2
560,2,N2
561,0,Wake
562,2,N2
563,4,N4
564,2,N2
565,2,N2
566,3,N3
567,4,N4
568,5,REM
569,2,N2
570,2,N2
571,3,N3
572,2,N2
573,2,N2
574,5,REM
575,3,N3
576,5,REM
577,2,N2
578,2,N2
579,1,N1
580,-1,Unknown
581,5,REM
582,2,N2
583,2,N2
584,2,N2
585,2,N2
586,5,REM
587,0,Wake
588,2,N2
589,2,N2
590,2,N2
591,2,N2
592,5,REM
593,5,REM
594,5,REM
595,3,N3
596,3,N3
597,2,N2
598,3,N3
599,5,REM
600,5,REM
601,2,N2
602,2,N2
603,5,REM
604,5,REM
605,3,N3
606,2,N2
607,5,REM
608,-1,Unknown
609,2,N2
610,2,N2
611,5,REM
612,2,N2
613,5,REM
614,5,REM
615,2,N2
616,2,N2
617,5,REM
618,2,N2
619,2,N2
620,2,N2
621,0,Wake
622,2,N2
623,5,REM
624,3,N3
625,2,N2
626,2,N2
627,3,N3
628,2,N2
629,2,N2
630,3,N3
631,5,REM
632,5,REM
633,2,N2
634,2,N2
635,1,N1
636,2,N2
637,2,N2
638,3,N3
639,2,N2
640,2,N2
641,2,N2
642,2,N2
643,5,REM
644,2,N2
645,2,N2
646,-1,Unknown
647,2,N2
648,0,Wake
649,3,N3
650,2,N2
651,2,N2
652,2,N2
653,2,N2
654,2,N2
655,2,N2
656,2,N2
657,5,REM
658,2,N2
659,2,N2
660,5,REM
661,2,N2
662,2,N2
663,2,N2
664,5,REM
665,2,N2
666,2,N2
667,5,REM
668,3,N3
669,0,Wake
670,2,N2
671,2,N2
672,0,Wake
673,2,N2
674,2,N2
675,2,N2
676,5,REM
677,5,REM
678,2,N2
679,2,N2
680,2,N2
681,2,N2
682,2,N2
683,0,Wake
684,3,N3
685,5,REM
686,2,N2
687,5,REM
688,2,N2
689,2,N2
690,0,Wake
691,5,REM
692,2,N2
693,2,N2
694,3,N3
695,5,REM
696,2,N2
697,0,Wake
698,2,N2
699,2,N2
700,2,N2
701,2,N2
702,5,REM
703,0,Wake
704,5,REM
705,2,N2
706,2,N2
707,3,N3
708,0,Wake
709,5,REM
710,2,N2
711,2,N2
712,2,N2
713,2,N2
714,0,Wake
715,2,N2
716,2,N2
717,2,N2
718,3,N3
719,3,N3
720,5,REM
721,5,REM
722,3,N3
723,2,N2
724,2,N2
725,3,N3
726,2,N2
727,2,N2
728,2,N2
729,5,REM
730,5,REM
731,5,REM
732,2,N2
733,0,Wake
734,2,N2
735,2,N2
736,3,N3
737,2,N2
738,2,N2
739,5,REM
740,5,REM
741,5,REM
742,2,N2
743,0,Wake
744,5,REM
745,5,REM
746,2,N2
747,3,N3
748,3,N3
749,2,N2
750,5,REM
751,2,N2
752,2,N2
753,5,REM
754,5,REM
755,5,REM
756,4,N4
757,3,N3
758,2,N2
759,2,N2
760,2,N2
761,2,N2
762,2,N2
763,2,N2
764,2,N2
765,5,REM
766,2,N2
767,0,Wake
768,2,N2
769,5,REM
770,0,Wake
771,2,N2
772,2,N2
773,2,N2
774,2,N2
775,2,N2
776,2,N2
777,2,N2
778,5,REM
779,0,Wake
780,5,REM
781,5,REM
782,1,N1
783,2,N2
784,5,REM
785,5,REM
786,0,Wake
787,2,N2
788,5,REM
789,5,REM
790,2,N2
791,5,REM
792,5,REM
793,5,REM
794,5,REM
795,2,N2
796,2,N2
797,2,N2
798,2,N2
799,3,N3
800,5,REM
801,2,N2
802,5,REM
803,2,N2
804,2,N2
805,2,N2
806,0,Wake
807,2,N2
808,2,N2
809,4,N4
810,2,N2
811,2,N2
812,2,N2
813,5,REM
814,2,N2
815,2,N2
816,2,N2
817,2,N2
818,3,N3
819,2,N2
820,2,N2
821,1,N1
822,2,N2
823,2,N2
824,2,N2
825,2,N2
826,2,N2
827,2,N2
828,5,REM
829,1,N1
830,5,REM
831,2,N2
832,5,REM
833,2,N2
834,2,N2
835,2,N2
836,2,N2
837,2,N2
838,2,N2
839,2,N2
840,2,N2
841,2,N2
842,2,N2
843,5,REM
844,2,N2
845,3,N3
846,5,REM
847,5,REM
848,5,REM
849,2,N2
850,3,N3
851,5,REM
852,5,REM
853,2,N2
854,2,N2
855,2,N2
856,5,REM
857,2,N2
858,2,N2
859,2,N2
860,2,N2
861,2,N2
862,2,N2
863,3,N3
864,5,REM
865,2,N2
866,2,N2
867,2,N2
868,3,N3
869,5,REM
870,3,N3
871,2,N2
872,2,N2
873,5,REM
874,2,N2
875,2,N2
876,3,N3
877,2,N2
878,3,N3
879,5,REM
880,2,N2
881,5,REM
882,2,N2
883,2,N2
884,2,N2
885,1,N1
886,2,N2
887,3,N3
888,0,Wake
889,2,N2
890,5,REM
891,2,N2
892,5,REM
893,2,N2
894,2,N2
895,1,N1
896,5,REM
897,2,N2
898,3,N3
899,5,REM
900,3,N3
901,-1,Unknown
902,2,N2
903,3,N3
904,2,N2
905,5,REM
906,2,N2
907,2,N2
908,5,REM
909,2,N2
910,2,N2
911,2,N2
912,2,N2
913,2,N2
914,2,N2
915,0,Wake
916,2,N2
917,-1,Unknown
918,2,N2
919,1,N1
920,0,Wake
921,2,N2
922,2,N2
923,2,N2
924,5,REM
925,2,N2
926,2,N2
927,2,N2
928,2,N2
929,3,N3
930,2,N2
931,0,Wake
932,4,N4
933,2,N2
934,2,N2
935,2,N2
936,2,N2
937,2,N2
938,2,N2
939,5,REM
940,0,Wake
941,5,REM
942,2,N2
943,2,N2
944,2,N2
945,2,N2
946,3,N3
947,1,N1
948,2,N2
949,5,REM
950,3,N3
951,5,REM
952,0,Wake
953,2,N2
954,2,N2
955,2,N2
956,5,REM
957,2,N2
958,2,N2
959,3,N3
960,5,REM
961,5,REM
962,2,N2
963,2,N2
964,-1,Unknown
965,2,N2
966,2,N2
967,2,N2
968,5,REM
969,3,N3
970,2,N2
971,2,N2
972,2,N2
973,5,REM
974,5,REM
975,2,N2
976,2,N2
977,-1,Unknown
978,2,N2
979,2,N2
980,0,Wake
981,0,Wake
982,2,N2
983,2,N2
984,4,N4
985,2,N2
986,2,N2
987,3,N3
988,5,REM
989,2,N2
990,2,N2
991,5,REM
992,5,REM
993,2,N2
994,5,REM
995,3,N3
996,2,N2
997,5,REM
998,5,REM
999,2,N2
1000,2,N2
1001,2,N2
1002,5,REM
1003,5,REM
1004,5,REM
1005,2,N2
1006,2,N2
1007,2,N2
1008,2,N2
1009,5,REM
1010,2,N2
1011,3,N3
1012,0,Wake
1013,0,Wake
1014,5,REM
1015,0,Wake
1016,5,REM
1017,5,REM
1018,2,N2
1019,2,N2
1020,0,Wake
1021,2,N2
1022,5,REM
1023,0,Wake
1024,5,REM
1025,3,N3
1026,2,N2
1027,3,N3
1028,3,N3
1029,0,Wake
1030,5,REM
1031,2,N2
1032,2,N2
1033,2,N2
1034,3,N3
1035,0,Wake
1036,0,Wake
1037,2,N2
1038,2,N2
1039,5,REM
1040,2,N2
1041,5,REM
1042,2,N2
1043,5,REM
1044,2,N2
1045,2,N2
1046,2,N2
1047,5,REM
1048,5,REM
1049,2,N2
1050,2,N2
1051,5,REM
1052,0,Wake
1053,2,N2
1054,2,N2
1055,2,N2
1056,2,N2
1057,3,N3
1058,2,N2
1059,2,N2
1060,2,N2
1061,3,N3
1062,2,N2
1063,5,REM
1064,2,N2
1065,2,N2
1066,2,N2
1067,2,N2
1068,5,REM
1069,2,N2
1070,0,Wake
1071,5,REM
1072,5,REM
1073,0,Wake
1074,2,N2
1075,2,N2
1076,2,N2
1077,2,N2
1078,5,REM
1079,3,N3
1080,3,N3
1081,1,N1
1082,2,N2
1083,3,N3
1084,2,N2
1085,2,N2
1086,4,N4
1087,2,N2
1088,2,N2
1089,5,REM
1090,2,N2
1091,0,Wake
1092,-1,Unknown
1093,5,REM
1094,0,Wake
1095,2,N2
1096,5,REM
1097,2,N2
1098,2,N2
1099,3,N3
1100,2,N2
1101,3,N3
1102,2,N2
1103,5,REM
1104,5,REM
1105,2,N2
1106,2,N2
1107,2,N2
1108,2,N2
1109,2,N2
1110,3,N3
1111,2,N2
1112,5,REM
1113,2,N2
1114,2,N2
1115,2,N2
1116,2,N2
1117,3,N3
1118,2,N2
1119,2,N2
1120,3,N3
1121,2,N2
1122,3,N3
1123,2,N2
1124,3,N3
1125,2,N2
1126,2,N2
1127,5,REM
1128,3,N3
1129,2,N2
1130,2,N2
1131,5,REM
1132,2,N2
1133,2,N2
1134,5,REM
1135,2,N2
1136,2,N2
1137,2,N2
1138,3,N3
1139,3,N3
1140,5,REM
1141,2,N2
1142,0,Wake
1143,5,REM
1144,5,REM
1145,5,REM
1146,5,REM
1147,3,N3
1148,2,N2
1149,2,N2
1150,2,N2
1151,2,N2
1152,1,N1
1153,2,N2
1154,2,N2
1155,2,N2
1156,2,N2
1157,0,Wake
1158,2,N2
1159,2,N2
1160,5,REM
1161,5,REM
1162,2,N2
1163,2,N2
1164,5,REM
1165,2,N2
1166,2,N2
1167,2,N2
1168,3,N3
1169,2,N2
1170,5,REM
1171,5,REM
1172,2,N2
1173,2,N2
1174,2,N2
1175,2,N2
1176,5,REM
1177,2,N2
1178,2,N2
1179,2,N2
1180,2,N2
1181,3,N3
1182,2,N2
1183,2,N2
1184,2,N2
1185,2,N2
1186,5,REM
1187,5,REM
1188,2,N2
1189,2,N2
1190,2,N2
1191,2,N2
1192,2,N2
1193,2,N2
1194,2,N2
1195,2,N2
1196,2,N2
1197,2,N2
1198,5,REM
1199,2,N2
1200,2,N2
1201,2,N2
1202,0,Wake
1203,3,N3
1204,2,N2
1205,2,N2
1206,2,N2
1207,5,REM
1208,2,N2
1209,2,N2
1210,2,N2
1211,2,N2
1212,2,N2
1213,3,N3
1214,2,N2
1215,5,REM
1216,3,N3
1217,2,N2
1218,2,N2
1219,2,N2
1220,2,N2
1221,2,N2
1222,2,N2
1223,2,N2
1224,2,N2
1225,2,N2
1226,4,N4
1227,2,N2
1228,2,N2
1229,2,N2
1230,2,N2
1231,2,N2
1232,2,N2
1233,2,N2
1234,2,N2
1235,2,N2
1236,5,REM
1237,5,REM
1238,3,N3
1239,2,N2
1240,2,N2
1241,5,REM
1242,3,N3
1243,2,N2
1244,0,Wake
1245,2,N2
1246,0,Wake
1247,2,N2
1248,2,N2
1249,2,N2
1250,4,N4
1251,5,REM
1252,5,REM
1253,5,REM
1254,2,N2
1255,2,N2
1256,2,N2
1257,2,N2
1258,2,N2
1259,1,N1
1260,5,REM
1261,2,N2
1262,5,REM
1263,2,N2
1264,4,N4
1265,2,N2
1266,1,N1
1267,2,N2
1268,0,Wake
1269,2,N2
1270,5,REM
1271,2,N2
1272,5,REM
1273,0,Wake
1274,2,N2
1275,1,N1
1276,2,N2
1277,2,N2
1278,5,REM
1279,-1,Unknown
1280,2,N2
1281,2,N2
1282,2,N2
1283,5,REM
1284,2,N2
1285,2,N2
1286,2,N2
1287,5,REM
1288,2,N2
1289,5,REM
1290,0,Wake
1291,2,N2
1292,3,N3
1293,2,N2
1294,2,N2
1295,2,N2
1296,3,N3
1297,2,N2
1298,2,N2
1299,5,REM
1300,2,N2
1301,2,N2
1302,2,N2
1303,2,N2
1304,2,N2
1305,2,N2
1306,5,REM
1307,2,N2
1308,2,N2
1309,2,N2
1310,2,N2
1311,-1,Unknown
1312,3,N3
1313,0,Wake
1314,2,N2
1315,5,REM
1316,2,N2
1317,0,Wake
1318,2,N2
1319,2,N2
1320,5,REM
1321,5,REM
1322,2,N2
1323,3,N3
1324,2,N2
1325,2,N2
1326,2,N2
1327,2,N2
1328,5,REM
1329,2,N2
1330,2,N2
1331,3,N3
1332,5,REM
1333,2,N2
1334,2,N2
1335,2,N2
1336,2,N2
1337,5,REM
1338,2,N2
1339,1,N1
1340,2,N2
1341,5,REM
1342,5,REM
1343,5,REM
1344,2,N2
1345,5,REM
1346,4,N4
1347,4,N4
1348,2,N2
1349,2,N2
1350,2,N2
1351,2,N2
1352,2,N2
1353,2,N2
1354,5,REM
1355,2,N2
1356,0,Wake
1357,2,N2
1358,2,N2
1359,2,N2
1360,2,N2
1361,2,N2
1362,2,N2
1363,0,Wake
1364,3,N3
1365,5,REM
1366,5,REM
1367,2,N2
1368,5,REM
1369,5,REM
1370,5,REM
1371,2,N2
1372,5,REM
1373,5,REM
1374,5,REM
1375,2,N2
1376,2,N2
1377,0,Wake
1378,5,REM
1379,0,Wake
1380,0,Wake
1381,2,N2
1382,5,REM
1383,3,N3
1384,2,N2
1385,5,REM
1386,5,REM
1387,5,REM
1388,5,REM
1389,0,Wake
1390,2,N2
1391,2,N2
1392,2,N2
1393,2,N2
1394,2,N2
1395,2,N2
1396,2,N2
1397,2,N2
1398,2,N2
1399,3,N3
1400,2,N2
1401,2,N2
1402,2,N2
1403,2,N2
1404,2,N2
1405,2,N2
1406,2,N2
1407,5,REM
1408,2,N2
1409,2,N2
1410,2,N2
1411,5,REM
1412,3,N3
1413,2,N2
1414,2,N2
1415,2,N2
1416,2,N2
1417,2,N2
1418,2,N2
1419,2,N2
1420,2,N2
1421,2,N2
1422,3,N3
1423,5,REM
1424,5,REM
1425,2,N2
1426,2,N2
1427,2,N2
1428,5,REM
1429,2,N2
1430,0,Wake
1431,2,N2
1432,2,N2
1433,2,N2
1434,5,REM
1435,3,N3
1436,3,N3
1437,2,N2
1438,3,N3
1439,2,N2
1440,2,N2
1441,2,N2
1442,5,REM
1443,2,N2
1444,2,N2
1445,2,N2
1446,2,N2
1447,2,N2
1448,2,N2
1449,3,N3
1450,2,N2
1451,5,REM
1452,2,N2
1453,2,N2
1454,5,REM
1455,2,N2
1456,2,N2
1457,5,REM
1458,2,N2
1459,3,N3
1460,2,N2
1461,5,REM
1462,3,N3
1463,5,REM
1464,5,REM
1465,2,N2
1466,1,N1
1467,2,N2
1468,5,REM
1469,2,N2
1470,2,N2
1471,2,N2
1472,3,N3
1473,5,REM
1474,3,N3
1475,2,N2
1476,5,REM
1477,2,N2
1478,2,N2
1479,2,N2
1480,2,N2
1481,1,N1
1482,2,N2
1483,5,REM
1484,5,REM
1485,3,N3
1486,2,N2
1487,5,REM
1488,2,N2
1489,2,N2
1490,0,Wake
1491,0,Wake
1492,2,N2
1493,2,N2
1494,0,Wake
1495,2,N2
1496,2,N2
1497,2,N2
1498,3,N3
1499,5,REM
1500,2,N2
1501,3,N3
1502,2,N2
1503,2,N2
1504,5,REM
1505,0,Wake
1506,2,N2
1507,2,N2
1508,2,N2
1509,3,N3
1510,2,N2
1511,3,N3
1512,5,REM
1513,2,N2
1514,5,REM
1515,2,N2
1516,2,N2
1517,1,N1
1518,3,N3
1519,2,N2
1520,2,N2
1521,2,N2
1522,2,N2
1523,0,Wake
1524,2,N2
1525,5,REM
1526,2,N2
1527,2,N2
1528,2,N2
1529,5,REM
1530,5,REM
1531,3,N3
1532,2,N2
1533,2,N2
1534,2,N2
1535,2,N2
1536,5,REM
1537,2,N2
1538,2,N2
1539,5,REM
1540,5,REM
1541,2,N2
1542,2,N2
1543,2,N2
1544,2,N2
1545,2,N2
1546,2,N2
1547,2,N2
1548,2,N2
1549,2,N2
1550,2,N2
1551,2,N2
1552,2,N2
1553,2,N2
1554,2,N2
1555,2,N2
1556,3,N3
1557,3,N3
1558,2,N2
1559,3,N3
1560,2,N2
1561,2,N2
1562,1,N1
1563,2,N2
1564,3,N3
1565,3,N3
1566,2,N2
1567,2,N2
1568,5,REM
1569,5,REM
1570,5,REM
1571,2,N2
1572,5,REM
1573,2,N2
1574,0,Wake
1575,2,N2
1576,5,REM
1577,2,N2
1578,5,REM
1579,2,N2
1580,0,Wake
1581,5,REM
1582,2,N2
1583,5,REM
1584,2,N2
1585,2,N2
1586,3,N3
1587,2,N2
1588,5,REM
1589,2,N2
1590,2,N2
1591,3,N3
1592,3,N3
1593,2,N2
1594,2,N2
1595,5,REM
1596,2,N2
1597,5,REM
1598,2,N2
1599,3,N3
1600,2,N2
1601,5,REM
1602,2,N2
1603,5,REM
1604,3,N3
1605,2,N2
1606,2,N2
1607,2,N2
1608,3,N3
1609,2,N2
1610,2,N2
1611,5,REM
1612,2,N2
1613,5,REM
1614,2,N2
1615,3,N3
1616,5,REM
1617,2,N2
1618,0,Wake
1619,5,REM
1620,2,N2
1621,4,N4
1622,2,N2
1623,5,REM
1624,3,N3
1625,0,Wake
1626,5,REM
1627,5,REM
1628,2,N2
1629,2,N2
1630,2,N2
1631,2,N2
1632,2,N2
1633,5,REM
1634,3,N3
1635,3,N3
1636,2,N2
1637,5,REM
1638,2,N2
1639,2,N2
1640,3,N3
1641,2,N2
1642,2,N2
1643,2,N2
1644,0,Wake
1645,5,REM
1646,2,N2
1647,0,Wake
1648,3,N3
1649,2,N2
1650,2,N2
1651,2,N2
1652,3,N3
1653,5,REM
1654,3,N3
1655,2,N2
1656,2,N2
1657,2,N2
1658,5,REM
1659,2,N2
1660,0,Wake
1661,4,N4
1662,2,N2
1663,5,REM
1664,5,REM
1665,3,N3
1666,3,N3
1667,0,Wake
1668,2,N2
1669,2,N2
1670,2,N2
1671,5,REM
1672,3,N3
1673,2,N2
1674,2,N2
1675,2,N2
1676,5,REM
1677,5,REM
1678,2,N2
1679,5,REM
1680,0,Wake
1681,5,REM
1682,2,N2
1683,2,N2
1684,3,N3
1685,2,N2
1686,0,Wake
1687,2,N2
1688,2,N2
1689,5,REM
1690,2,N2
1691,2,N2
1692,2,N2
1693,3,N3
1694,2,N2
1695,2,N2
1696,2,N2
1697,2,N2
1698,3,N3
1699,0,Wake
1700,2,N2
1701,3,N3
1702,2,N2
1703,2,N2
1704,5,REM
1705,2,N2
1706,2,N2
1707,0,Wake
1708,2,N2
1709,2,N2
1710,2,N2
1711,2,N2
1712,2,N2
1713,0,Wake
1714,5,REM
1715,2,N2
1716,5,REM
1717,2,N2
1718,2,N2
1719,2,N2
1720,1,N1
1721,2,N2
1722,2,N2
1723,0,Wake
1724,2,N2
1725,5,REM
1726,2,N2
1727,2,N2
1728,2,N2
1729,5,REM
1730,2,N2
1731,3,N3
1732,2,N2
1733,2,N2
1734,3,N3
1735,2,N2
1736,2,N2
1737,5,REM
1738,5,REM
1739,2,N2
1740,2,N2
1741,2,N2
1742,2,N2
1743,0,Wake
1744,5,REM
1745,2,N2
1746,-1,Unknown
1747,2,N2
1748,5,REM
1749,0,Wake
1750,3,N3
1751,2,N2
1752,2,N2
1753,5,REM
1754,0,Wake
1755,5,REM
1756,2,N2
1757,2,N2
1758,2,N2
1759,2,N2
1760,2,N2
1761,2,N2
1762,0,Wake
1763,2,N2
1764,2,N2
1765,5,REM
1766,3,N3
1767,2,N2
1768,5,REM
1769,2,N2
1770,5,REM
1771,2,N2
1772,0,Wake
1773,5,REM
1774,5,REM
1775,2,N2
1776,2,N2
1777,2,N2
1778,2,N2
1779,5,REM
1780,4,N4
1781,2,N2
1782,0,Wake
1783,5,REM
1784,5,REM
1785,5,REM
1786,2,N2
1787,-1,Unknown
1788,2,N2
1789,1,N1
1790,3,N3
1791,2,N2
1792,2,N2
1793,2,N2
1794,2,N2
1795,5,REM
1796,2,N2
1797,2,N2
1798,2,N2
1799,3,N3
1800,5,REM
1801,2,N2
1802,2,N2
1803,2,N2
1804,0,Wake
1805,2,N2
1806,3,N3
1807,2,N2
1808,0,Wake
1809,2,N2
1810,5,REM
1811,2,N2
1812,3,N3
1813,2,N2
1814,2,N2
1815,2,N2
1816,1,N1
1817,3,N3
1818,5,REM
1819,2,N2
1820,0,Wake
1821,5,REM
1822,3,N3
1823,2,N2
1824,5,REM
1825,2,N2
1826,2,N2
1827,0,Wake
1828,2,N2
1829,2,N2
1830,3,N3
1831,2,N2
1832,2,N2
1833,5,REM
1834,2,N2
1835,2,N2
1836,2,N2
1837,5,REM
1838,5,REM
1839,2,N2
1840,5,REM
1841,5,REM
1842,2,N2
1843,2,N2
1844,2,N2
1845,2,N2
1846,2,N2
1847,2,N2
1848,2,N2
1849,1,N1
1850,5,REM
1851,2,N2
1852,2,N2
1853,5,REM
1854,5,REM
1855,2,N2
1856,2,N2
1857,1,N1
1858,1,N1
1859,0,Wake
1860,2,N2
1861,5,REM
1862,2,N2
1863,2,N2
1864,5,REM
1865,2,N2
1866,0,Wake
1867,2,N2
1868,2,N2
1869,5,REM
1870,2,N2
1871,3,N3
1872,3,N3
1873,0,Wake
1874,2,N2
1875,2,N2
1876,5,REM
1877,2,N2
1878,2,N2
1879,2,N2
1880,2,N2
1881,-1,Unknown
1882,2,N2
1883,2,N2
1884,2,N2
1885,2,N2
1886,2,N2
1887,1,N1
1888,2,N2
1889,3,N3
1890,2,N2
1891,5,REM
1892,0,Wake
1893,2,N2
1894,2,N2
1895,3,N3
1896,3,N3
1897,0,Wake
1898,2,N2
1899,2,N2
1900,2,N2
1901,5,REM
1902,5,REM
1903,5,REM
1904,5,REM
1905,5,REM
1906,2,N2
1907,2,N2
1908,2,N2
1909,5,REM
1910,0,Wake
1911,5,REM
1912,2,N2
1913,0,Wake
1914,2,N2
1915,2,N2
1916,2,N2
1917,2,N2
1918,2,N2
1919,3,N3
1920,2,N2
1921,2,N2
1922,2,N2
1923,0,Wake
1924,0,Wake
1925,2,N2
1926,5,REM
1927,3,N3
1928,2,N2
1929,2,N2
1930,5,REM
1931,2,N2
1932,5,REM
1933,1,N1
1934,0,Wake
1935,2,N2
1936,0,Wake
1937,2,N2
1938,5,REM
1939,0,Wake
1940,3,N3
1941,5,REM
1942,3,N3
1943,2,N2
1944,5,REM
1945,2,N2
1946,5,REM
1947,5,REM
1948,5,REM
1949,2,N2
1950,5,REM
1951,2,N2
1952,2,N2
1953,5,REM
1954,2,N2
1955,1,N1
1956,2,N2
1957,3,N3
1958,2,N2
1959,2,N2
1960,5,REM
1961,5,REM
1962,1,N1
1963,5,REM
1964,5,REM
1965,3,N3
1966,3,N3
1967,2,N2
1968,2,N2
1969,2,N2
1970,2,N2
1971,3,N3
1972,2,N2
1973,5,REM
1974,3,N3
1975,2,N2
1976,2,N2
1977,5,REM
1978,2,N2
1979,2,N2
1980,2,N2
1981,2,N2
1982,2,N2
1983,2,N2
1984,2,N2
1985,2,N2
1986,5,REM
1987,5,REM
1988,5,REM
1989,2,N2
1990,5,REM
1991,2,N2
1992,2,N2
1993,3,N3
1994,0,Wake
1995,5,REM
1996,2,N2
1997,5,REM
1998,3,N3
1999,2,N2
2000,2,N2
2001,5,REM
2002,2,N2
2003,2,N2
2004,2,N2
2005,2,N2
2006,0,Wake
2007,0,Wake
2008,2,N2
2009,2,N2
2010,2,N2
2011,2,N2
2012,2,N2
2013,2,N2
2014,2,N2
2015,3,N3
2016,5,REM
2017,2,N2
2018,0,Wake
2019,3,N3
2020,5,REM
2021,0,Wake
2022,2,N2
2023,2,N2
2024,3,N3
2025,5,REM
2026,1,N1
2027,2,N2
2028,2,N2
2029,2,N2
2030,5,REM
2031,3,N3
2032,2,N2
2033,2,N2
2034,2,N2
2035,2,N2
2036,2,N2
2037,2,N2
2038,3,N3
2039,2,N2
2040,2,N2
2041,4,N4
2042,2,N2
2043,2,N2
2044,2,N2
2045,2,N2
2046,-1,Unknown
2047,5,REM
2048,5,REM
2049,5,REM
2050,2,N2
2051,2,N2
2052,2,N2
2053,2,N2
2054,0,Wake
2055,2,N2
2056,1,N1
2057,5,REM
2058,2,N2
2059,2,N2
2060,2,N2
2061,0,Wake
2062,2,N2
2063,2,N2
2064,5,REM
2065,2,N2
2066,5,REM
2067,2,N2
2068,3,N3
2069,3,N3
2070,5,REM
2071,2,N2
2072,3,N3
2073,2,N2
2074,2,N2
2075,2,N2
2076,2,N2
2077,2,N2
2078,2,N2
2079,0,Wake
2080,4,N4
2081,0,Wake
2082,2,N2
2083,2,N2
2084,3,N3
2085,5,REM
2086,2,N2
2087,5,REM
2088,2,N2
2089,5,REM
2090,4,N4
2091,3,N3
2092,2,N2
2093,2,N2
2094,2,N2
2095,2,N2
2096,2,N2
2097,2,N2
2098,2,N2
2099,5,REM
2100,2,N2
2101,2,N2
2102,2,N2
2103,5,REM
2104,3,N3
2105,2,N2
2106,5,REM
2107,2,N2
2108,2,N2
2109,2,N2
2110,2,N2
2111,2,N2
2112,2,N2
2113,-1,Unknown
2114,2,N2
2115,2,N2
2116,2,N2
2117,2,N2
2118,2,N2
2119,0,Wake
2120,5,REM
2121,3,N3
2122,3,N3
2123,5,REM
2124,2,N2
2125,2,N2
2126,2,N2
2127,2,N2
2128,2,N2
2129,0,Wake
2130,0,Wake
2131,2,N2
2132,2,N2
2133,2,N2
2134,2,N2
2135,2,N2
2136,2,N2
2137,5,REM
2138,2,N2
2139,5,REM
2140,5,REM
2141,2,N2
2142,2,N2
2143,2,N2
2144,4,N4
2145,2,N2
2146,0,Wake
2147,2,N2
2148,3,N3
2149,4,N4
2150,3,N3
2151,3,N3
2152,2,N2
2153,3,N3
2154,2,N2
2155,3,N3
2156,2,N2
2157,2,N2
2158,2,N2
2159,2,N2
2160,2,N2
2161,2,N2
2162,4,N4
2163,2,N2
2164,5,REM
2165,2,N2
2166,5,REM
2167,2,N2
2168,2,N2
2169,2,N2
2170,1,N1
2171,4,N4
2172,2,N2
2173,3,N3
2174,2,N2
2175,0,Wake
2176,2,N2
2177,2,N2
2178,2,N2
2179,2,N2
2180,1,N1
2181,3,N3
2182,2,N2
2183,1,N1
2184,2,N2
2185,2,N2
2186,2,N2
2187,0,Wake
2188,2,N2
2189,2,N2
2190,2,N2
2191,3,N3
2192,2,N2
2193,5,REM
2194,2,N2
2195,2,N2
2196,5,REM
2197,2,N2
2198,2,N2
2199,2,N2
2200,2,N2
2201,5,REM
2202,2,N2
2203,2,N2
2204,2,N2
2205,3,N3
2206,0,Wake
2207,0,Wake
2208,5,REM
2209,5,REM
2210,2,N2
2211,5,REM
2212,2,N2
2213,2,N2
2214,2,N2
2215,2,N2
2216,2,N2
2217,2,N2
2218,2,N2
2219,5,REM
2220,5,REM
2221,2,N2
2222,3,N3
2223,2,N2
2224,2,N2
2225,2,N2
2226,2,N2
2227,2,N2
2228,2,N2
2229,2,N2
2230,2,N2
2231,5,REM
2232,3,N3
2233,2,N2
2234,2,N2
2235,2,N2
2236,2,N2
2237,2,N2
2238,2,N2
2239,2,N2
2240,2,N2
2241,0,Wake
2242,2,N2
2243,5,REM
2244,2,N2
2245,3,N3
2246,2,N2
2247,2,N2
2248,5,REM
2249,2,N2
2250,2,N2
2251,2,N2
2252,2,N2
2253,3,N3
2254,3,N3
2255,2,N2
2256,5,REM
2257,5,REM
2258,2,N2
2259,5,REM
2260,2,N2
2261,0,Wake
2262,5,REM
2263,2,N2
2264,2,N2
2265,0,Wake
2266,2,N2
2267,2,N2
2268,5,REM
2269,2,N2
2270,2,N2
2271,2,N2
2272,1,N1
2273,0,Wake
2274,5,REM
2275,2,N2
2276,0,Wake
2277,0,Wake
2278,2,N2
2279,2,N2
2280,3,N3
2281,3,N3
2282,2,N2
2283,5,REM
2284,2,N2
2285,2,N2
2286,5,REM
2287,0,Wake
2288,5,REM
2289,2,N2
2290,2,N2
2291,2,N2
2292,3,N3
2293,0,Wake
2294,0,Wake
2295,0,Wake
2296,5,REM
2297,3,N3
2298,3,N3
2299,3,N3
2300,2,N2
2301,5,REM
2302,2,N2
2303,5,REM
2304,2,N2
2305,2,N2
2306,2,N2
2307,2,N2
2308,5,REM
2309,2,N2
2310,5,REM
2311,5,REM
2312,2,N2
2313,2,N2
2314,3,N3
2315,5,REM
2316,3,N3
2317,2,N2
2318,3,N3
2319,5,REM
2320,0,Wake
2321,2,N2
2322,5,REM
2323,0,Wake
2324,2,N2
2325,2,N2
2326,3,N3
2327,2,N2
2328,2,N2
2329,2,N2
2330,5,REM
2331,5,REM
2332,4,N4
2333,2,N2
2334,3,N3
2335,2,N2
2336,2,N2
2337,3,N3
2338,2,N2
2339,0,Wake
2340,2,N2
2341,2,N2
2342,3,N3
2343,2,N2
2344,2,N2
2345,2,N2
2346,1,N1
2347,2,N2
2348,2,N2
2349,2,N2
2350,2,N2
2351,2,N2
2352,2,N2
2353,2,N2
2354,2,N2
2355,2,N2
2356,4,N4
2357,0,Wake
2358,3,N3
2359,5,REM
2360,2,N2
2361,2,N2
2362,2,N2
2363,2,N2
2364,2,N2
2365,2,N2
2366,3,N3
2367,0,Wake
2368,3,N3
2369,2,N2
2370,2,N2
2371,5,REM
2372,2,N2
2373,2,N2
2374,2,N2
2375,3,N3
2376,2,N2
2377,1,N1
2378,2,N2
2379,5,REM
2380,5,REM
2381,0,Wake
2382,2,N2
2383,2,N2
2384,-1,Unknown
2385,2,N2
2386,5,REM
2387,2,N2
2388,5,REM
2389,5,REM
2390,5,REM
2391,5,REM
2392,5,REM
2393,5,REM
2394,2,N2
2395,2,N2
2396,3,N3
2397,2,N2
2398,2,N2
2399,3,N3
2400,0,Wake
2401,2,N2
2402,2,N2
2403,5,REM
2404,2,N2
2405,2,N2
2406,2,N2
2407,3,N3
2408,2,N2
2409,2,N2
2410,5,REM
2411,2,N2
2412,2,N2
2413,3,N3
2414,2,N2
2415,5,REM
2416,2,N2
2417,2,N2
2418,2,N2
2419,2,N2
2420,2,N2
2421,2,N2
2422,2,N2
2423,3,N3
2424,2,N2
2425,2,N2
2426,2,N2
2427,1,N1
2428,2,N2
2429,2,N2
2430,2,N2
2431,2,N2
2432,2,N2
2433,2,N2
2434,2,N2
2435,5,REM
2436,2,N2
2437,3,N3
2438,2,N2
2439,0,Wake
2440,3,N3
2441,2,N2
2442,2,N2
2443,2,N2
2444,2,N2
2445,2,N2
2446,5,REM
2447,0,Wake
2448,3,N3
2449,-1,Unknown
2450,2,N2
2451,5,REM
2452,3,N3
2453,3,N3
2454,2,N2
2455,0,Wake
2456,2,N2
2457,5,REM
2458,3,N3
2459,5,REM
2460,5,REM
2461,2,N2
2462,2,N2
2463,5,REM
2464,2,N2
2465,2,N2
2466,2,N2
2467,5,REM
2468,5,REM
2469,2,N2
2470,2,N2
2471,2,N2
2472,2,N2
2473,2,N2
2474,-1,Unknown
2475,0,Wake
2476,5,REM
2477,2,N2
2478,3,N3
2479,3,N3
2480,2,N2
2481,0,Wake
2482,2,N2
2483,2,N2
2484,5,REM
2485,2,N2
2486,4,N4
2487,2,N2
2488,5,REM
2489,5,REM
2490,3,N3
2491,0,Wake
2492,2,N2
2493,2,N2
2494,2,N2
2495,3,N3
2496,5,REM
2497,2,N2
2498,5,REM
2499,2,N2
2500,3,N3
2501,2,N2
2502,2,N2
2503,2,N2
2504,3,N3
2505,5,REM
2506,5,REM
2507,2,N2
2508,5,REM
2509,5,REM
2510,2,N2
2511,2,N2
2512,3,N3
2513,2,N2
2514,2,N2
2515,3,N3
2516,2,N2
2517,2,N2
2518,5,REM
2519,0,Wake
2520,2,N2
2521,2,N2
2522,3,N3
2523,2,N2
2524,2,N2
2525,2,N2
2526,2,N2
2527,2,N2
2528,2,N2
2529,3,N3
2530,2,N2
2531,2,N2
2532,2,N2
2533,2,N2
2534,5,REM
2535,0,Wake
2536,2,N2
2537,5,REM
2538,5,REM
2539,2,N2
2540,2,N2
2541,3,N3
2542,3,N3
2543,2,N2
2544,2,N2
2545,2,N2
2546,5,REM
2547,5,REM
2548,5,REM
2549,-1,Unknown
2550,5,REM
2551,5,REM
2552,0,Wake
2553,2,N2
2554,2,N2
2555,5,REM
2556,2,N2
2557,5,REM
2558,3,N3
2559,2,N2
2560,2,N2
2561,2,N2
2562,5,REM
2563,5,REM
2564,2,N2
2565,5,REM
2566,2,N2
2567,2,N2
2568,2,N2
2569,5,REM
2570,5,REM
2571,2,N2
2572,2,N2
2573,2,N2
2574,2,N2
2575,2,N2
2576,2,N2
2577,5,REM
2578,2,N2
2579,2,N2
2580,0,Wake
2581,2,N2
2582,5,REM
2583,5,REM
2584,2,N2
2585,0,Wake
2586,5,REM
2587,5,REM
2588,2,N2
2589,2,N2
2590,2,N2
2591,5,REM
2592,2,N2
2593,2,N2
2594,5,REM
2595,-1,Unknown
2596,2,N2
2597,3,N3
2598,3,N3
2599,2,N2
2600,5,REM
2601,5,REM
2602,2,N2
2603,2,N2
2604,1,N1
2605,2,N2
2606,2,N2
2607,5,REM
2608,2,N2
2609,0,Wake
2610,2,N2
2611,2,N2
2612,5,REM
2613,5,REM
2614,2,N2
2615,2,N2
2616,2,N2
2617,2,N2
2618,2,N2
2619,3,N3
2620,2,N2
2621,2,N2
2622,-1,Unknown
2623,2,N2
2624,0,Wake
2625,2,N2
2626,0,Wake
2627,3,N3
2628,0,Wake
2629,3,N3
2630,1,N1
2631,2,N2
2632,2,N2
2633,2,N2
2634,0,Wake
2635,3,N3
2636,2,N2
2637,5,REM
2638,2,N2
2639,2,N2
2640,2,N2
2641,2,N2
2642,5,REM
2643,2,N2
2644,2,N2
2645,2,N2
2646,5,REM
2647,2,N2
2648,-1,Unknown
2649,2,N2
2650,2,N2
2651,2,N2
2652,2,N2
2653,5,REM
2654,5,REM
2655,4,N4
2656,1,N1
2657,2,N2
2658,3,N3
2659,3,N3
2660,2,N2
2661,2,N2
2662,2,N2
2663,5,REM
2664,2,N2
2665,2,N2
2666,2,N2
2667,5,REM
2668,2,N2
2669,2,N2
2670,0,Wake
2671,2,N2
2672,5,REM
2673,1,N1
2674,0,Wake
2675,2,N2
2676,3,N3
2677,2,N2
2678,2,N2
2679,2,N2
2680,2,N2
2681,2,N2
2682,2,N2
2683,2,N2
2684,2,N2
2685,1,N1
2686,5,REM
2687,2,N2
2688,5,REM
2689,3,N3
2690,2,N2
2691,2,N2
2692,4,N4
2693,1,N1
2694,2,N2
2695,2,N2
2696,2,N2
2697,2,N2
2698,2,N2
2699,2,N2
2700,2,N2
2701,2,N2
2702,2,N2
2703,3,N3
2704,5,REM
2705,4,N4
2706,5,REM
2707,2,N2
2708,2,N2
2709,2,N2
2710,2,N2
2711,2,N2
2712,2,N2
2713,1,N1
2714,3,N3
2715,5,REM
2716,2,N2
2717,5,REM
2718,0,Wake
2719,5,REM
2720,2,N2
2721,2,N2
2722,5,REM
2723,2,N2
2724,2,N2
2725,2,N2
2726,4,N4
2727,0,Wake
2728,2,N2
2729,5,REM
2730,5,REM
2731,0,Wake
2732,2,N2
2733,3,N3
2734,3,N3
2735,-1,Unknown
2736,2,N2
2737,2,N2
2738,2,N2
2739,2,N2
2740,5,REM
2741,2,N2
2742,2,N2
2743,5,REM
2744,2,N2
2745,5,REM
2746,2,N2
2747,3,N3
2748,2,N2
2749,0,Wake
2750,2,N2
2751,5,REM
2752,2,N2
2753,5,REM
2754,2,N2
2755,2,N2
2756,2,N2
2757,2,N2
2758,5,REM
2759,5,REM
2760,2,N2
2761,0,Wake
2762,-1,Unknown
2763,2,N2
2764,2,N2
2765,0,Wake
2766,2,N2
2767,2,N2
2768,2,N2
2769,2,N2
2770,2,N2
2771,2,N2
2772,0,Wake
2773,5,REM
2774,2,N2
2775,2,N2
2776,2,N2
2777,2,N2
2778,5,REM
2779,4,N4
2780,5,REM
2781,2,N2
2782,2,N2
2783,2,N2
2784,2,N2
2785,5,REM
2786,2,N2
2787,2,N2
2788,2,N2
2789,2,N2
2790,5,REM
2791,2,N2
2792,2,N2
2793,5,REM
2794,2,N2
2795,5,REM
2796,5,REM
2797,2,N2
2798,2,N2
2799,3,N3
2800,2,N2
2801,3,N3
2802,2,N2
2803,1,N1
2804,5,REM
2805,5,REM
2806,2,N2
2807,2,N2
2808,2,N2
2809,3,N3
2810,5,REM
2811,2,N2
2812,2,N2
2813,5,REM
2814,2,N2
2815,2,N2
2816,2,N2
2817,2,N2
2818,2,N2
2819,2,N2
2820,5,REM
2821,2,N2
2822,2,N2
2823,5,REM
2824,2,N2
2825,4,N4
2826,0,Wake
2827,0,Wake
2828,0,Wake
2829,3,N3
2830,2,N2
2831,2,N2
2832,5,REM
2833,5,REM
2834,3,N3
2835,2,N2
2836,2,N2
2837,2,N2
2838,2,N2
2839,2,N2
2840,2,N2
2841,5,REM
2842,2,N2
2843,5,REM
2844,2,N2
2845,3,N3
2846,3,N3
2847,2,N2
2848,2,N2
2849,2,N2
2850,5,REM
2851,1,N1
2852,0,Wake
2853,5,REM
2854,5,REM
2855,3,N3
2856,2,N2
2857,2,N2
2858,2,N2
2859,2,N2
2860,5,REM
2861,4,N4
2862,2,N2
2863,2,N2
2864,5,REM
2865,5,REM
2866,5,REM
2867,5,REM
2868,0,Wake
2869,1,N1
2870,2,N2
2871,2,N2
2872,2,N2
2873,3,N3
2874,2,N2
2875,1,N1
2876,1,N1
2877,2,N2
2878,2,N2
2879,2,N2
2880,2,N2
2881,2,N2
2882,5,REM
2883,2,N2
2884,2,N2
2885,3,N3
2886,1,N1
2887,2,N2
2888,2,N2
2889,2,N2
2890,0,Wake
2891,2,N2
2892,5,REM
2893,0,Wake
2894,2,N2
2895,2,N2
2896,5,REM
2897,2,N2
2898,-1,Unknown
2899,2,N2
2900,2,N2
2901,3,N3
2902,3,N3
2903,2,N2
2904,2,N2
2905,5,REM
2906,2,N2
2907,2,N2
2908,2,N2
2909,2,N2
2910,2,N2
2911,2,N2
2912,2,N2
2913,5,REM
2914,3,N3
2915,5,REM
2916,2,N2
2917,2,N2
2918,3,N3
2919,2,N2
2920,5,REM
2921,2,N2
2922,2,N2
2923,5,REM
2924,2,N2
2925,5,REM
2926,0,Wake
2927,2,N2
2928,2,N2
2929,2,N2
2930,2,N2
2931,5,REM
2932,5,REM
2933,5,REM
2934,2,N2
2935,2,N2
2936,2,N2
2937,5,REM
2938,2,N2
2939,2,N2
2940,2,N2
2941,2,N2
2942,3,N3
2943,2,N2
2944,1,N1
2945,2,N2
2946,5,REM
2947,2,N2
2948,2,N2
2949,1,N1
2950,2,N2
2951,5,REM
2952,2,N2
2953,2,N2
2954,2,N2
2955,2,N2
2956,3,N3
2957,5,REM
2958,2,N2
2959,5,REM
2960,2,N2
2961,2,N2
2962,5,REM
2963,2,N2
2964,2,N2
2965,2,N2
2966,0,Wake
2967,5,REM
2968,2,N2
2969,2,N2
2970,3,N3
2971,2,N2
2972,3,N3
2973,0,Wake
2974,2,N2
2975,2,N2
2976,5,REM
2977,2,N2
2978,2,N2
2979,2,N2
2980,2,N2
2981,2,N2
2982,5,REM
2983,2,N2
2984,2,N2
2985,5,REM
2986,2,N2
2987,2,N2
2988,2,N2
2989,3,N3
2990,5,REM
2991,2,N2
2992,5,REM
2993,2,N2
2994,2,N2
2995,2,N2
2996,5,REM
2997,2,N2
2998,2,N2
2999,3,N3
3000,5,REM
3001,2,N2
3002,0,Wake
3003,3,N3
3004,2,N2
3005,2,N2
3006,2,N2
3007,2,N2
3008,2,N2
3009,2,N2
3010,2,N2
3011,0,Wake
3012,5,REM
3013,2,N2
3014,2,N2
3015,0,Wake
3016,2,N2
3017,0,Wake
3018,0,Wake
3019,2,N2
3020,3,N3
3021,2,N2
3022,2,N2
3023,3,N3
3024,2,N2
3025,2,N2
3026,2,N2
3027,2,N2
3028,2,N2
3029,0,Wake
3030,2,N2
3031,3,N3
3032,5,REM
3033,5,REM
3034,2,N2
3035,0,Wake
3036,-1,Unknown
3037,1,N1
3038,2,N2
3039,2,N2
3040,2,N2
3041,2,N2
3042,3,N3
3043,2,N2
3044,2,N2
3045,2,N2
3046,2,N2
3047,2,N2
3048,2,N2
3049,1,N1
3050,1,N1
3051,0,Wake
3052,2,N2
3053,5,REM
3054,3,N3
3055,2,N2
3056,2,N2
3057,2,N2
3058,3,N3
3059,3,N3
3060,2,N2
3061,5,REM
3062,2,N2
3063,2,N2
3064,2,N2
3065,5,REM
3066,2,N2
3067,5,REM
3068,2,N2
3069,2,N2
3070,5,REM
3071,5,REM
3072,2,N2
3073,2,N2
3074,3,N3
3075,2,N2
3076,0,Wake
3077,2,N2
3078,2,N2
3079,2,N2
3080,2,N2
3081,5,REM
3082,2,N2
3083,5,REM
3084,5,REM
3085,2,N2
3086,2,N2
3087,0,Wake
3088,0,Wake
3089,2,N2
3090,5,REM
3091,2,N2
3092,2,N2
3093,5,REM
3094,0,Wake
3095,2,N2
3096,2,N2
3097,2,N2
3098,5,REM
3099,2,N2
3100,5,REM
3101,2,N2
3102,5,REM
3103,2,N2
3104,0,Wake
3105,2,N2
3106,2,N2
3107,1,N1
3108,5,REM
3109,2,N2
3110,2,N2
3111,5,REM
3112,2,N2
3113,3,N3
3114,2,N2
3115,5,REM
3116,3,N3
3117,2,N2
3118,2,N2
3119,2,N2
3120,2,N2
3121,2,N2
3122,2,N2
3123,1,N1
3124,2,N2
3125,2,N2
3126,0,Wake
3127,2,N2
3128,2,N2
3129,2,N2
3130,5,REM
3131,3,N3
3132,2,N2
3133,5,REM
3134,2,N2
3135,2,N2
3136,2,N2
3137,2,N2
3138,2,N2
3139,5,REM
3140,5,REM
3141,5,REM
3142,2,N2
3143,3,N3
3144,5,REM
3145,5,REM
3146,0,Wake
3147,2,N2
3148,3,N3
3149,0,Wake
3150,2,N2
3151,1,N1
3152,0,Wake
3153,2,N2
3154,2,N2
3155,2,N2
3156,0,Wake
3157,2,N2
3158,5,REM
3159,2,N2
3160,3,N3
3161,2,N2
3162,2,N2
3163,3,N3
3164,2,N2
3165,2,N2
3166,3,N3
3167,2,N2
3168,2,N2
3169,2,N2
3170,2,N2
3171,2,N2
3172,2,N2
3173,2,N2
3174,2,N2
3175,2,N2
3176,2,N2
3177,1,N1
3178,2,N2
3179,5,REM
3180,2,N2
3181,2,N2
3182,-1,Unknown
3183,3,N3
3184,2,N2
3185,0,Wake
3186,2,N2
3187,2,N2
3188,5,REM
3189,2,N2
3190,3,N3
3191,0,Wake
3192,5,REM
3193,3,N3
3194,3,N3
3195,0,Wake
3196,5,REM
3197,2,N2
3198,3,N3
3199,0,Wake
3200,2,N2
3201,2,N2
3202,2,N2
3203,1,N1
3204,2,N2
3205,2,N2
3206,2,N2
3207,5,REM
3208,2,N2
3209,2,N2
3210,2,N2
3211,2,N2
3212,2,N2
3213,5,REM
3214,2,N2
3215,4,N4
3216,2,N2
3217,5,REM
3218,5,REM
3219,5,REM
3220,2,N2
3221,2,N2
3222,2,N2
3223,3,N3
3224,2,N2
3225,2,N2
3226,0,Wake
3227,2,N2
3228,2,N2
3229,5,REM
3230,2,N2
3231,5,REM
3232,2,N2
3233,2,N2
3234,5,REM
3235,3,N3
3236,2,N2
3237,2,N2
3238,2,N2
3239,5,REM
3240,2,N2
3241,1,N1
3242,0,Wake
3243,2,N2
3244,2,N2
3245,2,N2
3246,0,Wake
3247,2,N2
3248,3,N3
3249,3,N3
3250,5,REM
3251,2,N2
3252,2,N2
3253,5,REM
3254,5,REM
3255,2,N2
3256,2,N2
3257,2,N2
3258,2,N2
3259,2,N2
3260,2,N2
3261,2,N2
3262,5,REM
3263,2,N2
3264,5,REM
3265,2,N2
3266,3,N3
3267,2,N2
3268,2,N2
3269,2,N2
3270,2,N2
3271,2,N2
3272,2,N2
3273,2,N2
3274,5,REM
3275,2,N2
3276,5,REM
3277,5,REM
3278,5,REM
3279,2,N2
3280,2,N2
3281,5,REM
3282,3,N3
3283,2,N2
3284,2,N2
3285,2,N2
3286,5,REM
3287,5,REM
3288,2,N2
3289,0,Wake
3290,2,N2
3291,5,REM
3292,5,REM
3293,5,REM
3294,0,Wake
3295,2,N2
3296,2,N2
3297,2,N2
3298,2,N2
3299,0,Wake
3300,3,N3
3301,2,N2
3302,-1,Unknown
3303,2,N2
3304,0,Wake
3305,2,N2
3306,2,N2
3307,5,REM
3308,2,N2
3309,2,N2
3310,3,N3
3311,2,N2
3312,2,N2
3313,5,REM
3314,5,REM
3315,2,N2
3316,2,N2
3317,0,Wake
3318,1,N1
3319,2,N2
3320,5,REM
3321,5,REM
3322,2,N2
3323,5,REM
3324,5,REM
3325,0,Wake
3326,2,N2
3327,2,N2
3328,2,N2
3329,2,N2
3330,3,N3
3331,2,N2
3332,0,Wake
3333,2,N2
3334,2,N2
3335,3,N3
3336,2,N2
3337,2,N2
3338,2,N2
3339,5,REM
3340,2,N2
3341,2,N2
3342,2,N2
3343,3,N3
3344,2,N2
3345,5,REM
3346,3,N3
3347,3,N3
3348,2,N2
3349,2,N2
3350,5,REM
3351,2,N2
3352,5,REM
3353,3,N3
3354,2,N2
3355,2,N2
3356,2,N2
3357,2,N2
3358,3,N3
3359,2,N2
3360,2,N2
3361,2,N2
3362,3,N3
3363,3,N3
3364,2,N2
3365,5,REM
3366,2,N2
3367,3,N3
3368,2,N2
3369,0,Wake
3370,2,N2
3371,2,N2
3372,5,REM
3373,2,N2
3374,5,REM
3375,5,REM
3376,5,REM
3377,2,N2
3378,5,REM
3379,2,N2
3380,2,N2
3381,3,N3
3382,2,N2
3383,2,N2
3384,5,REM
3385,2,N2
3386,5,REM
3387,5,REM
3388,5,REM
3389,2,N2
3390,2,N2
3391,2,N2
3392,2,N2
3393,2,N2
3394,2,N2
3395,5,REM
3396,2,N2
3397,2,N2
3398,0,Wake
3399,3,N3
3400,2,N2
3401,5,REM
3402,5,REM
3403,2,N2
3404,2,N2
3405,4,N4
3406,2,N2
3407,3,N3
3408,3,N3
3409,5,REM
3410,2,N2
3411,2,N2
3412,2,N2
3413,3,N3
3414,3,N3
3415,2,N2
3416,2,N2
3417,5,REM
3418,3,N3
3419,5,REM
3420,5,REM
3421,2,N2
3422,0,Wake
3423,1,N1
3424,2,N2
3425,2,N2
3426,2,N2
3427,2,N2
3428,2,N2
3429,5,REM
3430,2,N2
3431,5,REM
3432,2,N2
3433,5,REM
3434,2,N2
3435,2,N2
3436,2,N2
3437,5,REM
3438,5,REM
3439,3,N3
3440,2,N2
3441,3,N3
3442,5,REM
3443,3,N3
3444,2,N2
3445,-1,Unknown
3446,3,N3
3447,5,REM
3448,3,N3
3449,3,N3
3450,3,N3
3451,3,N3
3452,4,N4
3453,5,REM
3454,5,REM
3455,5,REM
3456,2,N2
3457,5,REM
3458,2,N2
3459,2,N2
3460,3,N3
3461,3,N3
3462,-1,Unknown
3463,2,N2
3464,5,REM
3465,2,N2
3466,5,REM
3467,2,N2
3468,2,N2
3469,-1,Unknown
3470,5,REM
3471,2,N2
3472,3,N3
3473,2,N2
3474,2,N2
3475,2,N2
3476,2,N2
3477,0,Wake
3478,5,REM
3479,0,Wake
3480,5,REM
3481,2,N2
3482,5,REM
3483,3,N3
3484,5,REM
3485,3,N3
3486,2,N2
3487,2,N2
3488,5,REM
3489,2,N2
3490,5,REM
3491,2,N2
3492,2,N2
3493,0,Wake
3494,2,N2
3495,2,N2
3496,5,REM
3497,5,REM
3498,5,REM
3499,2,N2
3500,2,N2
3501,2,N2
3502,1,N1
3503,2,N2
3504,5,REM
3505,3,N3
3506,2,N2
3507,3,N3
3508,2,N2
3509,2,N2
3510,2,N2
3511,3,N3
3512,5,REM
3513,3,N3
3514,2,N2
3515,1,N1
3516,0,Wake
3517,2,N2
3518,2,N2
3519,2,N2
3520,3,N3
3521,2,N2
3522,2,N2
3523,5,REM
3524,2,N2
3525,3,N3
3526,2,N2
3527,5,REM
3528,-1,Unknown
3529,2,N2
3530,2,N2
3531,5,REM
3532,3,N3
3533,2,N2
3534,2,N2
3535,5,REM
3536,3,N3
3537,2,N2
3538,2,N2
3539,2,N2
3540,2,N2
3541,2,N2
3542,5,REM
3543,2,N2
3544,2,N2
3545,4,N4
3546,2,N2
3547,3,N3
3548,2,N2
3549,2,N2
3550,3,N3
3551,2,N2
3552,2,N2
3553,5,REM
3554,2,N2
3555,3,N3
3556,0,Wake
3557,2,N2
3558,2,N2
3559,3,N3
3560,2,N2
3561,2,N2
3562,2,N2
3563,2,N2
3564,2,N2
3565,2,N2
3566,5,REM
3567,2,N2
3568,5,REM
3569,5,REM
3570,5,REM
3571,2,N2
3572,3,N3
3573,2,N2
3574,5,REM
3575,2,N2
3576,2,N2
3577,2,N2
3578,0,Wake
3579,2,N2
3580,5,REM
3581,2,N2
3582,5,REM
3583,3,N3
3584,5,REM
3585,2,N2
3586,2,N2
3587,2,N2
3588,5,REM
3589,2,N2
3590,1,N1
3591,2,N2
3592,5,REM
3593,2,N2
3594,2,N2
3595,2,N2
3596,2,N2
3597,2,N2
3598,2,N2
3599,0,Wake
3600,3,N3
3601,0,Wake
3602,2,N2
3603,2,N2
3604,5,REM
3605,2,N2
3606,1,N1
3607,5,REM
3608,2,N2
3609,5,REM
3610,2,N2
3611,1,N1
3612,3,N3
3613,2,N2
3614,2,N2
3615,2,N2
3616,2,N2
3617,2,N2
3618,2,N2
3619,2,N2
3620,2,N2
3621,3,N3
3622,2,N2
3623,5,REM
3624,5,REM
3625,2,N2
3626,2,N2
3627,2,N2
3628,4,N4
3629,2,N2
3630,2,N2
3631,2,N2
3632,2,N2
3633,2,N2
3634,2,N2
3635,2,N2
3636,1,N1
3637,2,N2
3638,2,N2
3639,5,REM
3640,5,REM
3641,0,Wake
3642,2,N2
3643,2,N2
3644,5,REM
3645,3,N3
3646,0,Wake
3647,5,REM
3648,2,N2
3649,5,REM
3650,5,REM
3651,2,N2
3652,3,N3
3653,2,N2
3654,2,N2
3655,2,N2
3656,2,N2
3657,2,N2
3658,2,N2
3659,3,N3
3660,2,N2
3661,5,REM
3662,2,N2
3663,2,N2
3664,2,N2
3665,2,N2
3666,2,N2
3667,3,N3
3668,2,N2
3669,2,N2
3670,0,Wake
3671,3,N3
3672,2,N2
3673,3,N3
3674,2,N2
3675,2,N2
3676,2,N2
3677,0,Wake
3678,2,N2
3679,2,N2
3680,1,N1
3681,2,N2
3682,2,N2
3683,2,N2
3684,2,N2
3685,2,N2
3686,2,N2
3687,2,N2
3688,2,N2
3689,2,N2
3690,3,N3
3691,5,REM
3692,2,N2
3693,2,N2
3694,2,N2
3695,2,N2
3696,2,N2
3697,2,N2
3698,5,REM
3699,2,N2
3700,2,N2
3701,2,N2
3702,2,N2
3703,2,N2
3704,3,N3
3705,2,N2
3706,2,N2
3707,2,N2
3708,1,N1
3709,2,N2
3710,4,N4
3711,2,N2
3712,2,N2
3713,2,N2
3714,0,Wake
3715,1,N1
3716,2,N2
3717,3,N3
3718,2,N2
3719,5,REM
3720,0,Wake
3721,2,N2
3722,3,N3
3723,3,N3
3724,1,N1
3725,5,REM
3726,4,N4
3727,0,Wake
3728,2,N2
3729,0,Wake
3730,2,N2
3731,2,N2
3732,2,N2
3733,2,N2
3734,2,N2
3735,2,N2
3736,5,REM
3737,3,N3
3738,5,REM
3739,4,N4
3740,5,REM
3741,2,N2
3742,2,N2
3743,2,N2
3744,0,Wake
3745,0,Wake
3746,5,REM
3747,2,N2
3748,5,REM
3749,5,REM
3750,2,N2
3751,2,N2
3752,0,Wake
3753,3,N3
3754,2,N2
3755,5,REM
3756,5,REM
3757,3,N3
3758,2,N2
3759,5,REM
3760,3,N3
3761,3,N3
3762,2,N2
3763,5,REM
3764,2,N2
3765,2,N2
3766,2,N2
3767,2,N2
3768,2,N2
3769,2,N2
3770,2,N2
3771,2,N2
3772,3,N3
3773,2,N2
3774,0,Wake
3775,5,REM
3776,2,N2
3777,5,REM
3778,2,N2
3779,0,Wake
3780,2,N2
3781,5,REM
3782,5,REM
3783,0,Wake
3784,2,N2
3785,3,N3
3786,2,N2
3787,2,N2
3788,2,N2
3789,2,N2
3790,2,N2
3791,2,N2
3792,0,Wake
3793,5,REM
3794,2,N2
3795,2,N2
3796,5,REM
3797,2,N2
3798,2,N2
3799,2,N2
3800,0,Wake
3801,0,Wake
3802,5,REM
3803,5,REM
3804,2,N2
3805,2,N2
3806,3,N3
3807,3,N3
3808,3,N3
3809,2,N2
3810,5,REM
3811,2,N2
3812,2,N2
3813,2,N2
3814,3,N3
3815,5,REM
3816,2,N2
3817,0,Wake
3818,5,REM
3819,3,N3
3820,5,REM
3821,5,REM
3822,3,N3
3823,0,Wake
3824,0,Wake
3825,2,N2
3826,3,N3
3827,2,N2
3828,2,N2
3829,2,N2
3830,2,N2
3831,2,N2
3832,5,REM
3833,2,N2
3834,2,N2
3835,2,N2
3836,5,REM
3837,2,N2
3838,2,N2
3839,2,N2
3840,5,REM
3841,3,N3
3842,2,N2
3843,5,REM
3844,4,N4
3845,5,REM
3846,2,N2
3847,2,N2
3848,2,N2
3849,2,N2
3850,0,Wake
3851,2,N2
3852,2,N2
3853,2,N2
3854,2,N2
3855,5,REM
3856,5,REM
3857,0,Wake
3858,3,N3
3859,2,N2
3860,2,N2
3861,5,REM
3862,2,N2
3863,0,Wake
3864,5,REM
3865,2,N2
3866,2,N2
3867,5,REM
3868,5,REM
3869,0,Wake
3870,2,N2
3871,2,N2
3872,2,N2
3873,2,N2
3874,5,REM
3875,5,REM
3876,3,N3
3877,5,REM
3878,3,N3
3879,5,REM
3880,5,REM
3881,2,N2
3882,2,N2
3883,2,N2
3884,5,REM
3885,5,REM
3886,2,N2
3887,2,N2
3888,2,N2
3889,0,Wake
3890,5,REM
3891,2,N2
3892,3,N3
3893,3,N3
3894,3,N3
3895,2,N2
3896,2,N2
3897,5,REM
3898,1,N1
3899,2,N2
3900,3,N3
3901,1,N1
3902,2,N2
3903,5,REM
3904,2,N2
3905,0,Wake
3906,2,N2
3907,2,N2
3908,2,N2
3909,2,N2
3910,5,REM
3911,0,Wake
3912,2,N2
3913,5,REM
3914,2,N2
3915,2,N2
3916,5,REM
3917,2,N2
3918,1,N1
3919,2,N2
3920,5,REM
3921,3,N3
3922,2,N2
3923,2,N2
3924,2,N2
3925,3,N3
3926,2,N2
3927,3,N3
3928,4,N4
3929,2,N2
3930,1,N1
3931,2,N2
3932,3,N3
3933,0,Wake
3934,2,N2
3935,3,N3
3936,2,N2
3937,2,N2
3938,2,N2
3939,5,REM
3940,2,N2
3941,2,N2
3942,5,REM
3943,2,N2
3944,5,REM
3945,0,Wake
3946,2,N2
3947,-1,Unknown
3948,2,N2
3949,5,REM
3950,3,N3
3951,3,N3
3952,2,N2
3953,2,N2
3954,3,N3
3955,2,N2
3956,2,N2
3957,2,N2
3958,2,N2
3959,2,N2
3960,2,N2
3961,3,N3
3962,0,Wake
3963,2,N2
3964,1,N1
3965,5,REM
3966,2,N2
3967,2,N2
3968,2,N2
3969,2,N2
3970,2,N2
3971,2,N2
3972,5,REM
3973,2,N2
3974,5,REM
3975,5,REM
3976,0,Wake
3977,2,N2
3978,2,N2
3979,2,N2
3980,5,REM
3981,2,N2
3982,2,N2
3983,2,N2
3984,2,N2
3985,1,N1
3986,2,N2
3987,5,REM
3988,5,REM
3989,5,REM
3990,5,REM
3991,2,N2
3992,2,N2
3993,5,REM
3994,2,N2
3995,2,N2
3996,2,N2
3997,2,N2
3998,2,N2
3999,2,N2
4000,5,REM
4001,2,N2
4002,5,REM
4003,2,N2
4004,5,REM
4005,5,REM
4006,2,N2
4007,5,REM
4008,5,REM
4009,2,N2
4010,2,N2
4011,2,N2
4012,2,N2
4013,2,N2
4014,2,N2
4015,2,N2
4016,2,N2
4017,2,N2
4018,0,Wake
4019,5,REM
4020,2,N2
4021,2,N2
4022,5,REM
4023,2,N2
4024,2,N2
4025,5,REM
4026,2,N2
4027,5,REM
4028,2,N2
4029,2,N2
4030,5,REM
4031,3,N3
4032,5,REM
4033,2,N2
4034,5,REM
4035,1,N1
4036,2,N2
4037,2,N2
4038,2,N2
4039,0,Wake
4040,2,N2
4041,3,N3
4042,2,N2
4043,0,Wake
4044,2,N2
4045,2,N2
4046,2,N2
4047,2,N2
4048,2,N2
4049,5,REM
4050,2,N2
4051,3,N3
4052,2,N2
4053,2,N2
4054,0,Wake
4055,2,N2
4056,2,N2
4057,2,N2
4058,2,N2
4059,3,N3
4060,2,N2
4061,0,Wake
4062,3,N3
4063,3,N3
4064,2,N2
4065,5,REM
4066,2,N2
4067,2,N2
4068,5,REM
4069,2,N2
4070,2,N2
4071,2,N2
4072,2,N2
4073,2,N2
4074,2,N2
4075,3,N3
4076,2,N2
4077,2,N2
4078,5,REM
4079,5,REM
4080,2,N2
4081,5,REM
4082,2,N2
4083,2,N2
4084,3,N3
4085,2,N2
4086,2,N2
4087,2,N2
4088,2,N2
4089,2,N2
4090,5,REM
4091,2,N2
4092,2,N2
4093,2,N2
4094,2,N2
4095,5,REM
4096,2,N2
4097,2,N2
4098,2,N2
4099,2,N2
4100,5,REM
4101,2,N2
4102,2,N2
4103,2,N2
4104,5,REM
4105,2,N2
4106,2,N2
4107,5,REM
4108,5,REM
4109,5,REM
4110,2,N2
4111,-1,Unknown
4112,2,N2
4113,2,N2
4114,5,REM
4115,2,N2
4116,2,N2
4117,3,N3
4118,0,Wake
4119,5,REM
4120,2,N2
4121,5,REM
4122,5,REM
4123,2,N2
4124,2,N2
4125,0,Wake
4126,3,N3
4127,3,N3
4128,2,N2
4129,2,N2
4130,2,N2
4131,3,N3
4132,2,N2
4133,2,N2
4134,2,N2
4135,2,N2
4136,5,REM
4137,5,REM
4138,5,REM
4139,5,REM
4140,0,Wake
4141,5,REM
4142,2,N2
4143,2,N2
4144,2,N2
4145,2,N2
4146,3,N3
4147,0,Wake
4148,5,REM
4149,1,N1
4150,0,Wake
4151,2,N2
4152,2,N2
4153,2,N2
4154,2,N2
4155,2,N2
4156,4,N4
4157,5,REM
4158,2,N2
4159,3,N3
4160,0,Wake
4161,3,N3
4162,2,N2
4163,2,N2
4164,2,N2
4165,2,N2
4166,1,N1
4167,0,Wake
4168,2,N2
4169,2,N2
4170,2,N2
4171,2,N2
4172,3,N3
4173,5,REM
4174,2,N2
4175,2,N2
4176,2,N2
4177,2,N2
4178,2,N2
4179,5,REM
4180,-1,Unknown
4181,2,N2
4182,5,REM
4183,2,N2
4184,5,REM
4185,1,N1
4186,5,REM
4187,0,Wake
4188,2,N2
4189,1,N1
4190,5,REM
4191,2,N2
4192,2,N2
4193,2,N2
4194,5,REM
4195,2,N2
4196,2,N2
4197,0,Wake
4198,5,REM
4199,2,N2
4200,2,N2
4201,2,N2
4202,2,N2
4203,2,N2
4204,2,N2
4205,5,REM
4206,2,N2
4207,2,N2
4208,2,N2
4209,5,REM
4210,2,N2
4211,2,N2
4212,5,REM
4213,2,N2
4214,5,REM
4215,5,REM
4216,5,REM
4217,2,N2
4218,5,REM
4219,0,Wake
4220,5,REM
4221,2,N2
4222,2,N2
4223,5,REM
4224,5,REM
4225,5,REM
4226,2,N2
4227,2,N2
4228,3,N3
4229,2,N2
4230,2,N2
4231,2,N2
4232,0,Wake
4233,2,N2
4234,2,N2
4235,2,N2
4236,5,REM
4237,4,N4
4238,5,REM
4239,2,N2
4240,2,N2
4241,2,N2
4242,3,N3
4243,2,N2
4244,2,N2
4245,5,REM
4246,2,N2
4247,-1,Unknown
4248,2,N2
4249,2,N2
4250,2,N2
4251,5,REM
4252,2,N2
4253,5,REM
4254,2,N2
4255,2,N2
4256,2,N2
4257,0,Wake
4258,3,N3
4259,2,N2
4260,2,N2
4261,2,N2
4262,2,N2
4263,2,N2
4264,5,REM
4265,2,N2
4266,2,N2
4267,2,N2
4268,2,N2
4269,2,N2
4270,2,N2
4271,2,N2
4272,2,N2
4273,2,N2
4274,2,N2
4275,3,N3
4276,2,N2
4277,2,N2
4278,0,Wake
4279,3,N3
4280,2,N2
4281,2,N2
4282,2,N2
4283,5,REM
4284,5,REM
4285,2,N2
4286,2,N2
4287,0,Wake
4288,2,N2
4289,2,N2
4290,2,N2
4291,2,N2
4292,5,REM
4293,2,N2
4294,2,N2
4295,-1,Unknown
4296,2,N2
4297,5,REM
4298,5,REM
4299,2,N2
4300,3,N3
4301,5,REM
4302,2,N2
4303,2,N2
4304,0,Wake
4305,5,REM
4306,2,N2
4307,0,Wake
4308,5,REM
4309,3,N3
4310,5,REM
4311,3,N3
4312,3,N3
4313,0,Wake
4314,2,N2
4315,2,N2
4316,0,Wake
4317,2,N2
4318,2,N2
4319,5,REM
4320,1,N1
4321,5,REM
4322,2,N2
4323,1,N1
4324,2,N2
4325,5,REM
4326,2,N2
4327,2,N2
4328,3,N3
4329,2,N2
4330,2,N2
4331,2,N2
4332,3,N3
4333,3,N3
4334,2,N2
4335,5,REM
4336,5,REM
4337,5,REM
4338,2,N2
4339,2,N2
4340,2,N2
4341,2,N2
4342,5,REM
4343,4,N4
4344,3,N3
4345,5,REM
4346,2,N2
4347,2,N2
4348,2,N2
4349,2,N2
4350,3,N3
4351,2,N2
4352,2,N2
4353,2,N2
4354,2,N2
4355,2,N2
4356,2,N2
4357,0,Wake
4358,2,N2
4359,2,N2
4360,0,Wake
4361,2,N2
4362,2,N2
4363,3,N3
4364,5,REM
4365,5,REM
4366,2,N2
4367,2,N2
4368,2,N2
4369,3,N3
4370,2,N2
4371,2,N2
4372,2,N2
4373,2,N2
4374,5,REM
4375,5,REM
4376,2,N2
4377,2,N2
4378,2,N2
4379,5,REM
4380,2,N2
4381,5,REM
4382,0,Wake
4383,0,Wake
4384,2,N2
4385,0,Wake
4386,5,REM
4387,2,N2
4388,2,N2
4389,2,N2
4390,0,Wake
4391,2,N2
4392,2,N2
4393,2,N2
4394,2,N2
4395,3,N3
4396,2,N2
4397,3,N3
4398,4,N4
4399,3,N3
4400,2,N2
4401,3,N3
4402,2,N2
4403,2,N2
4404,2,N2
4405,2,N2
4406,5,REM
4407,2,N2
4408,5,REM
4409,5,REM
4410,2,N2
4411,2,N2
4412,3,N3
4413,5,REM
4414,2,N2
4415,0,Wake
4416,3,N3
4417,-1,Unknown
4418,3,N3
4419,2,N2
4420,2,N2
4421,0,Wake
4422,2,N2
4423,2,N2
4424,2,N2
4425,3,N3
4426,2,N2
4427,2,N2
4428,2,N2
4429,2,N2
4430,2,N2
4431,2,N2
4432,2,N2
4433,3,N3
4434,1,N1
4435,2,N2
4436,5,REM
4437,2,N2
4438,2,N2
4439,2,N2
4440,3,N3
4441,3,N3
4442,2,N2
4443,-1,Unknown
4444,2,N2
4445,2,N2
4446,3,N3
4447,3,N3
4448,2,N2
4449,2,N2
4450,2,N2
4451,5,REM
4452,5,REM
4453,2,N2
4454,2,N2
4455,2,N2
4456,5,REM
4457,2,N2
4458,3,N3
4459,2,N2
4460,3,N3
4461,2,N2
4462,2,N2
4463,2,N2
4464,2,N2
4465,2,N2
4466,5,REM
4467,2,N2
4468,5,REM
4469,2,N2
4470,4,N4
4471,5,REM
4472,3,N3
4473,3,N3
4474,2,N2
4475,0,Wake
4476,3,N3
4477,2,N2
4478,5,REM
4479,2,N2
4480,3,N3
4481,2,N2
4482,2,N2
4483,2,N2
4484,0,Wake
4485,2,N2
4486,2,N2
4487,5,REM
4488,2,N2
4489,5,REM
4490,2,N2
4491,3,N3
4492,5,REM
4493,2,N2
4494,2,N2
4495,2,N2
4496,5,REM
4497,0,Wake
4498,5,REM
4499,2,N2
4500,5,REM
4501,2,N2
4502,2,N2
4503,3,N3
4504,2,N2
4505,2,N2
4506,5,REM
4507,4,N4
4508,2,N2
4509,5,REM
4510,1,N1
4511,2,N2
4512,5,REM
4513,1,N1
4514,3,N3
4515,2,N2
4516,2,N2
4517,2,N2
4518,3,N3
4519,0,Wake
4520,2,N2
4521,2,N2
4522,2,N2
4523,2,N2
4524,2,N2
4525,2,N2
4526,2,N2
4527,2,N2
4528,2,N2
4529,3,N3
4530,5,REM
4531,5,REM
4532,2,N2
4533,2,N2
4534,1,N1
4535,1,N1
4536,2,N2
4537,2,N2
4538,0,Wake
4539,2,N2
4540,2,N2
4541,5,REM
4542,2,N2
4543,2,N2
4544,5,REM
4545,2,N2
4546,2,N2
4547,5,REM
4548,5,REM
4549,0,Wake
4550,5,REM
4551,2,N2
4552,3,N3
4553,2,N2
4554,2,N2
4555,2,N2
4556,5,REM
4557,2,N2
4558,0,Wake
4559,2,N2
4560,5,REM
4561,5,REM
4562,3,N3
4563,5,REM
4564,5,REM
4565,5,REM
4566,2,N2
4567,2,N2
4568,2,N2
4569,2,N2
4570,0,Wake
4571,0,Wake
4572,5,REM
4573,2,N2
4574,2,N2
4575,5,REM
4576,5,REM
4577,-1,Unknown
4578,2,N2
4579,2,N2
4580,0,Wake
4581,2,N2
4582,2,N2
4583,5,REM
4584,2,N2
4585,2,N2
4586,5,REM
4587,2,N2
4588,2,N2
4589,3,N3
4590,2,N2
4591,3,N3
4592,2,N2
4593,5,REM
4594,3,N3
4595,5,REM
4596,0,Wake
4597,2,N2
4598,2,N2
4599,2,N2
4600,5,REM
4601,2,N2
4602,3,N3
4603,2,N2
4604,5,REM
4605,2,N2
4606,2,N2
4607,-1,Unknown
4608,2,N2
4609,3,N3
4610,2,N2
4611,2,N2
4612,2,N2
4613,2,N2
4614,1,N1
4615,2,N2
4616,3,N3
4617,0,Wake
4618,2,N2
4619,2,N2
4620,2,N2
4621,0,Wake
4622,5,REM
4623,2,N2
4624,2,N2
4625,2,N2
4626,5,REM
4627,2,N2
4628,2,N2
4629,5,REM
4630,2,N2
4631,5,REM
4632,2,N2
4633,0,Wake
4634,2,N2
4635,0,Wake
4636,2,N2
4637,2,N2
4638,5,REM
4639,3,N3
4640,2,N2
4641,3,N3
4642,2,N2
4643,2,N2
4644,-1,Unknown
4645,2,N2
4646,2,N2
4647,2,N2
4648,5,REM
4649,0,Wake
4650,2,N2
4651,5,REM
4652,2,N2
4653,5,REM
4654,2,N2
4655,0,Wake
4656,2,N2
4657,5,REM
4658,5,REM
4659,2,N2
4660,3,N3
4661,2,N2
4662,2,N2
4663,0,Wake
4664,5,REM
4665,5,REM
4666,3,N3
4667,-1,Unknown
4668,3,N3
4669,5,REM
4670,2,N2
4671,3,N3
4672,2,N2
4673,5,REM
4674,3,N3
4675,2,N2
4676,3,N3
4677,2,N2
4678,0,Wake
4679,2,N2
4680,-1,Unknown
4681,2,N2
4682,2,N2
4683,5,REM
4684,5,REM
4685,3,N3
4686,5,REM
4687,3,N3
4688,2,N2
4689,2,N2
4690,5,REM
4691,2,N2
4692,3,N3
4693,2,N2
4694,2,N2
4695,2,N2
4696,3,N3
4697,2,N2
4698,2,N2
4699,2,N2
4700,2,N2
4701,2,N2
4702,0,Wake
4703,2,N2
4704,1,N1
4705,2,N2
4706,2,N2
4707,5,REM
4708,2,N2
4709,2,N2
4710,2,N2
4711,5,REM
4712,2,N2
4713,2,N2
4714,2,N2
4715,3,N3
4716,0,Wake
4717,2,N2
4718,5,REM
4719,2,N2
4720,5,REM
4721,2,N2
4722,5,REM
4723,2,N2
4724,2,N2
4725,2,N2
4726,2,N2
4727,3,N3
4728,2,N2
4729,0,Wake
4730,5,REM
4731,1,N1
4732,5,REM
4733,5,REM
4734,2,N2
4735,3,N3
4736,0,Wake
4737,2,N2
4738,3,N3
4739,2,N2
4740,3,N3
4741,2,N2
4742,2,N2
4743,0,Wake
4744,5,REM
4745,5,REM
4746,2,N2
4747,2,N2
4748,2,N2
4749,0,Wake
4750,2,N2
4751,0,Wake
4752,2,N2
4753,2,N2
4754,2,N2
4755,2,N2
4756,2,N2
4757,2,N2
4758,2,N2
4759,0,Wake
4760,5,REM
4761,5,REM
4762,2,N2
4763,5,REM
4764,2,N2
4765,2,N2
4766,2,N2
4767,2,N2
4768,0,Wake
4769,5,REM
4770,2,N2
4771,2,N2
4772,5,REM
4773,5,REM
4774,3,N3
4775,3,N3
4776,5,REM
4777,3,N3
4778,2,N2
4779,2,N2
4780,5,REM
4781,3,N3
4782,2,N2
4783,5,REM
4784,4,N4
4785,0,Wake
4786,2,N2
4787,0,Wake
4788,5,REM
4789,2,N2
4790,3,N3
4791,5,REM
4792,2,N2
4793,5,REM
4794,2,N2
4795,5,REM
4796,3,N3
4797,2,N2
4798,2,N2
4799,-1,Unknown
4800,2,N2
4801,1,N1
4802,0,Wake
4803,2,N2
4804,3,N3
4805,2,N2
4806,0,Wake
4807,2,N2
4808,5,REM
4809,2,N2
4810,3,N3
4811,1,N1
4812,2,N2
4813,1,N1
4814,2,N2
4815,0,Wake
4816,0,Wake
4817,0,Wake
4818,5,REM
4819,2,N2
4820,2,N2
4821,2,N2
4822,2,N2
4823,0,Wake
4824,2,N2
4825,2,N2
4826,5,REM
4827,0,Wake
4828,2,N2
4829,5,REM
4830,5,REM
4831,5,REM
4832,0,Wake
4833,2,N2
4834,0,Wake
4835,5,REM
4836,3,N3
4837,2,N2
4838,5,REM
4839,5,REM
4840,0,Wake
4841,3,N3
4842,2,N2
4843,5,REM
4844,2,N2
4845,2,N2
4846,2,N2
4847,2,N2
4848,2,N2
4849,5,REM
4850,2,N2
4851,2,N2
4852,2,N2
4853,0,Wake
4854,2,N2
4855,2,N2
4856,2,N2
4857,2,N2
4858,0,Wake
4859,2,N2
4860,2,N2
4861,2,N2
4862,5,REM
4863,0,Wake
4864,5,REM
4865,2,N2
4866,2,N2
4867,2,N2
4868,2,N2
4869,0,Wake
4870,2,N2
4871,2,N2
4872,3,N3
4873,2,N2
4874,2,N2
4875,2,N2
4876,3,N3
4877,5,REM
4878,5,REM
4879,2,N2
4880,2,N2
4881,2,N2
4882,5,REM
4883,2,N2
4884,3,N3
4885,2,N2
4886,2,N2
4887,2,N2
4888,2,N2
4889,5,REM
4890,2,N2
4891,3,N3
4892,3,N3
4893,2,N2
4894,2,N2
4895,0,Wake
4896,0,Wake
4897,2,N2
4898,2,N2
4899,5,REM
4900,2,N2
4901,2,N2
4902,2,N2
4903,5,REM
4904,2,N2
4905,2,N2
4906,0,Wake
4907,2,N2
4908,2,N2
4909,5,REM
4910,2,N2
4911,2,N2
4912,2,N2
4913,2,N2
4914,2,N2
4915,2,N2
4916,2,N2
4917,5,REM
4918,3,N3
4919,0,Wake
4920,3,N3
4921,2,N2
4922,-1,Unknown
4923,2,N2
4924,2,N2
4925,5,REM
4926,2,N2
4927,3,N3
4928,4,N4
4929,2,N2
4930,2,N2
4931,2,N2
4932,2,N2
4933,5,REM
4934,5,REM
4935,2,N2
4936,2,N2
4937,0,Wake
4938,2,N2
4939,3,N3
4940,3,N3
4941,0,Wake
4942,2,N2
4943,2,N2
4944,-1,Unknown
4945,5,REM
4946,2,N2
4947,2,N2
4948,5,REM
4949,2,N2
4950,2,N2
4951,2,N2
4952,2,N2
4953,2,N2
4954,2,N2
4955,5,REM
4956,2,N2
4957,5,REM
4958,2,N2
4959,0,Wake
4960,5,REM
4961,2,N2
4962,2,N2
4963,2,N2
4964,2,N2
4965,2,N2
4966,3,N3
4967,3,N3
4968,5,REM
4969,0,Wake
4970,5,REM
4971,2,N2
4972,5,REM
4973,2,N2
4974,2,N2
4975,2,N2
4976,5,REM
4977,1,N1
4978,5,REM
4979,2,N2
4980,2,N2
4981,5,REM
4982,3,N3
4983,0,Wake
4984,5,REM
4985,3,N3
4986,5,REM
4987,2,N2
4988,3,N3
4989,2,N2
4990,0,Wake
4991,5,REM
4992,3,N3
4993,5,REM
4994,0,Wake
4995,3,N3
4996,2,N2
4997,3,N3
4998,2,N2
4999,2,N2
5000,2,N2
5001,5,REM
5002,2,N2
5003,3,N3
5004,5,REM
5005,2,N2
5006,5,REM
5007,2,N2
5008,3,N3
5009,2,N2
5010,0,Wake
5011,5,REM
5012,2,N2
5013,3,N3
5014,3,N3
5015,3,N3
5016,2,N2
5017,5,REM
5018,2,N2
5019,2,N2
5020,5,REM
5021,5,REM
5022,2,N2
5023,3,N3
5024,5,REM
5025,2,N2
5026,5,REM
5027,2,N2
5028,2,N2
5029,5,REM
5030,5,REM
5031,2,N2
5032,5,REM
5033,2,N2
5034,5,REM
5035,0,Wake
5036,2,N2
5037,2,N2
5038,2,N2
5039,2,N2
5040,2,N2
5041,3,N3
5042,2,N2
5043,5,REM
5044,0,Wake
5045,2,N2
5046,2,N2
5047,1,N1
5048,2,N2
5049,2,N2
5050,2,N2
5051,5,REM
5052,3,N3
5053,2,N2
5054,5,REM
5055,5,REM
5056,1,N1
5057,2,N2
5058,2,N2
5059,2,N2
5060,5,REM
5061,3,N3
5062,2,N2
5063,2,N2
5064,5,REM
5065,2,N2
5066,2,N2
5067,3,N3
5068,2,N2
5069,0,Wake
5070,5,REM
5071,2,N2
5072,2,N2
5073,5,REM
5074,2,N2
5075,5,REM
5076,2,N2
5077,2,N2
5078,5,REM
5079,2,N2
5080,2,N2
5081,2,N2
5082,5,REM
5083,2,N2
5084,2,N2
5085,2,N2
5086,5,REM
5087,5,REM
5088,2,N2
5089,5,REM
5090,5,REM
5091,2,N2
5092,2,N2
5093,3,N3
5094,2,N2
5095,5,REM
5096,0,Wake
5097,-1,Unknown
5098,2,N2
5099,0,Wake
5100,2,N2
5101,5,REM
5102,2,N2
5103,2,N2
5104,2,N2
5105,0,Wake
5106,3,N3
5107,5,REM
5108,5,REM
5109,2,N2
5110,2,N2
5111,2,N2
5112,0,Wake
5113,5,REM
5114,2,N2
5115,2,N2
5116,1,N1
5117,2,N2
5118,1,N1
5119,2,N2
5120,2,N2
5121,3,N3
5122,2,N2
5123,3,N3
5124,5,REM
5125,2,N2
5126,2,N2
5127,3,N3
5128,0,Wake
5129,2,N2
5130,2,N2
5131,5,REM
5132,2,N2
5133,0,Wake
5134,2,N2
5135,2,N2
5136,2,N2
5137,5,REM
5138,2,N2
5139,5,REM
5140,2,N2
5141,3,N3
5142,2,N2
5143,-1,Unknown
5144,3,N3
5145,5,REM
5146,5,REM
5147,2,N2
5148,5,REM
5149,2,N2
5150,2,N2
5151,2,N2
5152,5,REM
5153,2,N2
5154,3,N3
5155,1,N1
5156,2,N2
5157,2,N2
5158,2,N2
5159,3,N3
5160,5,REM
5161,0,Wake
5162,2,N2
5163,2,N2
5164,1,N1
5165,2,N2
5166,5,REM
5167,5,REM
5168,2,N2
5169,5,REM
5170,3,N3
5171,2,N2
5172,2,N2
5173,5,REM
5174,2,N2
5175,2,N2
5176,2,N2
5177,2,N2
5178,3,N3
5179,2,N2
5180,3,N3
5181,2,N2
5182,2,N2
5183,0,Wake
5184,2,N2
5185,3,N3
5186,2,N2
5187,5,REM
